Steffon,man,
Cassana,woman,
Robert,man,
Stannis,man,
Renly,man,
Cersei,woman,
Joffrey,man,
Myrcella,woman,
Tommen,man,
Selyse,woman,
Shireen,woman,
Margaery,woman,
Gendry,man,
Cassana,spouse,Steffon
Steffon,spouse,Cassana
Steffon,father,Robert
Steffon,father,Stannis
Steffon,father,Renly
Robert,spouse,Cersei
Robert,father,Gendry
Cersei,mother,Joffrey
Cersei,mother,Myrcella
Cersei,mother,Tommen
Stannis,spouse,Selyse
Stannis,father,Shireen
Selyse,mother,Shireen
Margaery,spouse,Renly
Renly,spouse,Margaery
Robert,father,Gendry
Cassana,mother,Robert
Cassana,mother,Stannis
Cassana,mother,Renly
